,gender,age,ope,con,ext,agr,neu
0,1.0,0,3.9086905263157825,3.445616842105264,3.486857894736829,3.5839042105263155,2.7324242105263203
